FC501.AI.Value,FC501_OUT.Value,FC502.AI.Value,FC502_OUT.Value,LIT501.AI.Value,PT501.AI.Value,PT502.AI.Value,PT503.AI.Value,PT504.AI.Value,"Purity Meter_DB.""Purity Downstream""","Purity Meter_DB.""Purity Upstream""",AIT501.AI.Value,TI501.AI.Value,TI502.AI.Value,TI503.AI.Value,TI504.AI.Value,TI505.AI.Value,TI523.AI.Value
0.14,0.0,0.14,0.0,-0.03,-0.02,-2.38,0.01,-0.13,0.0,0.0,99.0,278.02,277.69,277.69,278.02,284.11,291.62,0.0,0.0,0.0,0.0,0.0,0.0
0.14,0.0,0.14,0.0,-0.03,-0.02,-2.38,0.0,-0.13,0.0,0.0,99.0,278.02,277.69,277.69,278.02,284.11,290.46,0.0,0.0,0.0,0.0,0.0,0.0
0.14,0.0,0.14,0.0,-0.03,-0.02,-2.38,0.01,-0.13,0.0,0.0,99.0,278.02,277.69,277.69,278.02,283.94,291.33,0.0,0.0,0.0,0.0,0.0,0.0
0.14,0.0,0.14,0.0,-0.03,-0.03,-2.39,0.0,-0.13,0.0,0.0,99.0,278.02,277.69,277.69,278.02,284.11,291.77,0.0,0.0,0.0,0.0,0.0,0.0
0.14,0.0,0.14,0.0,-0.03,-0.03,-2.39,0.0,-0.13,0.0,0.0,99.0,278.02,277.69,277.69,278.02,284.11,290.75,0.0,0.0,0.0,0.0,0.0,0.0
0.14,0.0,0.14,0.0,-0.03,0.18,7.04,-14.7,0.14,0.0,0.0,99.9,278.19,278.02,278.02,278.19,284.11,291.18,0.0,0.0,0.0,0.0,0.0,0.0
0.14,0.0,0.14,0.0,-0.03,0.36,2.89,3.01,0.1,0.0,0.0,99.12,278.68,278.52,278.52,278.85,284.11,291.47,0.0,0.0,0.0,0.0,0.0,0.0
0.14,0.0,0.14,0.0,-0.01,-0.0,-1.79,3.21,-0.08,0.0,0.0,99.0,278.85,278.68,278.68,279.01,284.11,292.49,0.0,0.0,0.0,0.0,0.0,0.0
0.14,0.0,0.14,0.0,-0.01,-0.0,-1.79,3.21,-0.08,0.0,0.0,99.0,278.85,278.68,278.68,279.01,284.11,292.49,0.0,0.0,0.0,0.0,0.0,0.0
0.14,0.0,0.14,0.0,-0.01,-0.0,-1.79,3.21,-0.08,0.0,0.0,99.0,278.85,278.68,278.68,279.01,284.11,292.49,0.0,0.0,0.0,0.0,0.0,0.0
0.14,0.0,0.14,0.0,-0.01,-0.0,-1.79,3.21,-0.08,0.0,0.0,99.0,278.85,278.68,278.68,279.01,284.11,292.49,0.0,0.0,0.0,0.0,0.0,0.0
0.14,0.0,0.14,0.0,-0.01,-0.0,-1.79,3.21,-0.08,0.0,0.0,99.0,278.85,278.68,278.68,279.01,284.45,292.49,0.0,0.0,0.0,0.0,0.0,0.0
0.14,0.0,0.14,0.0,-0.01,0.14,-2.22,2.89,-0.1,0.0,0.0,99.0,279.5,279.17,279.17,279.5,284.11,292.49,0.0,0.0,0.0,0.0,0.0,0.0
0.14,0.0,0.14,0.0,-0.01,0.14,-2.22,2.89,-0.1,0.0,0.0,99.0,279.5,279.17,279.17,279.5,284.11,292.49,0.0,0.0,0.0,0.0,0.0,0.0
0.14,0.0,0.14,0.0,-0.01,0.14,-2.22,2.89,-0.1,0.0,0.0,99.0,279.34,279.17,279.17,279.5,284.11,292.49,0.0,0.0,0.0,0.0,0.0,0.0
0.14,0.0,0.14,0.0,-0.01,0.14,-2.22,2.89,-0.1,0.0,0.0,99.0,279.5,279.17,279.17,279.5,284.28,292.49,0.0,0.0,0.0,0.0,0.0,0.0
0.14,0.0,0.14,0.0,-0.01,0.14,-2.22,2.89,-0.1,0.0,0.0,99.0,279.5,279.17,279.17,279.5,284.97,292.49,0.0,0.0,0.0,0.0,0.0,0.0
0.14,0.0,0.14,0.0,-0.01,0.14,-2.22,2.9,-0.1,0.0,0.0,99.0,279.34,279.17,279.17,279.5,284.11,292.49,0.0,0.0,0.0,0.0,0.0,0.0
0.14,0.0,0.14,0.0,-0.01,0.14,-2.22,2.89,-0.1,0.0,0.0,99.0,279.5,279.17,279.17,279.5,284.11,292.49,0.0,0.0,0.0,0.0,0.0,0.0
0.14,0.0,0.14,0.0,-0.01,0.14,-2.22,2.89,-0.1,0.0,0.0,99.0,279.34,279.17,279.17,279.5,284.11,292.49,0.0,0.0,0.0,0.0,0.0,0.0
0.14,0.0,0.14,0.0,-0.01,0.15,-2.22,2.9,-0.1,0.0,0.0,99.0,279.5,279.17,279.17,279.5,284.11,292.49,0.0,0.0,0.0,0.0,0.0,0.0
0.14,0.0,0.14,0.0,-0.01,0.15,-2.21,2.9,-0.1,0.0,0.0,99.0,279.5,279.17,279.17,279.5,284.45,292.49,0.0,0.0,0.0,0.0,0.0,0.0
0.14,0.0,0.14,0.0,-0.01,0.15,-2.22,2.9,-0.1,0.0,0.0,99.0,279.5,279.17,279.17,279.5,284.62,292.49,0.0,0.0,0.0,0.0,0.0,0.0
0.14,0.0,0.14,0.0,-0.01,0.15,-2.22,2.9,-0.1,0.0,0.0,99.0,279.5,279.17,279.17,279.5,284.11,292.49,0.0,0.0,0.0,0.0,0.0,0.0
0.14,0.0,0.14,0.0,-0.01,0.14,-2.22,2.9,-0.1,0.0,0.0,99.0,279.5,279.17,279.17,279.5,284.11,292.49,0.0,0.0,0.0,0.0,0.0,0.0
0.14,0.0,0.14,0.0,-0.01,0.14,-2.22,2.9,-0.1,0.0,0.0,99.0,279.5,279.17,279.17,279.5,284.62,292.49,0.0,0.0,0.0,0.0,0.0,0.0
0.14,0.0,0.14,0.0,-0.01,0.15,-2.21,2.9,-0.1,0.0,0.0,99.0,279.5,279.17,279.17,279.5,284.62,292.49,0.0,0.0,0.0,0.0,0.0,0.0
0.14,0.0,0.14,0.0,-0.01,0.15,-2.21,2.9,-0.1,0.0,0.0,99.0,279.5,279.17,279.17,279.5,284.28,292.49,0.0,0.0,0.0,0.0,0.0,0.0
0.14,0.0,0.14,0.0,-0.01,0.15,-2.21,2.9,-0.1,0.0,0.0,99.0,279.5,279.17,279.17,279.5,284.11,292.49,0.0,0.0,0.0,0.0,0.0,0.0
0.14,0.0,0.14,0.0,-0.01,0.14,-2.21,2.9,-0.1,0.0,0.0,99.0,279.5,279.17,279.17,279.5,284.62,292.49,0.0,0.0,0.0,0.0,0.0,0.0
0.14,0.0,0.14,0.0,-0.01,0.15,-2.21,2.9,-0.1,0.0,0.0,99.0,279.5,279.17,279.17,279.5,284.28,292.49,0.0,0.0,0.0,0.0,0.0,0.0
0.14,0.0,0.14,0.0,-0.01,0.14,-2.21,2.9,-0.1,0.0,0.0,99.0,279.5,279.17,279.17,279.5,284.11,292.49,0.0,0.0,0.0,0.0,0.0,0.0
0.14,0.0,0.14,0.0,-0.01,0.14,-2.21,2.9,-0.1,0.0,0.0,99.0,279.5,279.17,279.17,279.5,284.11,292.49,0.0,0.0,0.0,0.0,0.0,0.0
0.14,0.0,0.14,0.0,-0.01,0.15,-2.21,2.9,-0.1,0.0,0.0,99.0,279.5,279.17,279.17,279.5,284.11,292.49,0.0,0.0,0.0,0.0,0.0,0.0
0.14,0.0,0.14,0.0,-0.01,0.14,-2.21,2.9,-0.1,0.0,0.0,99.0,279.5,279.17,279.17,279.5,284.11,292.49,0.0,0.0,0.0,0.0,0.0,0.0
0.14,0.0,0.14,0.0,-0.01,0.14,-2.21,2.9,-0.1,0.0,0.0,99.0,279.5,279.17,279.17,279.5,284.11,292.49,0.0,0.0,0.0,0.0,0.0,0.0
0.14,0.0,0.14,0.0,-0.01,0.14,-2.22,2.9,-0.1,0.0,0.0,99.0,279.5,279.17,279.17,279.5,284.45,292.49,0.0,0.0,0.0,0.0,0.0,0.0
0.14,0.0,0.14,0.0,-0.01,0.14,-2.21,2.9,-0.1,0.0,0.0,99.0,279.5,279.17,279.17,279.5,284.11,292.49,0.0,0.0,0.0,0.0,0.0,0.0
0.14,0.0,0.14,0.0,-0.01,0.14,-2.21,2.9,-0.1,0.0,0.0,99.0,279.5,279.17,279.17,279.5,284.11,292.49,0.0,0.0,0.0,0.0,0.0,0.0
0.14,0.0,0.14,0.0,-0.01,0.15,-2.21,2.9,-0.1,0.0,0.0,99.0,279.5,279.17,279.17,279.5,284.45,292.49,0.0,0.0,0.0,0.0,0.0,0.0
0.14,0.0,0.14,0.0,-0.01,0.14,-2.21,2.9,-0.1,0.0,0.0,99.0,279.5,279.17,279.17,279.5,284.11,292.49,0.0,0.0,0.0,0.0,0.0,0.0
0.14,0.0,0.14,0.0,-0.01,0.14,-2.21,2.9,-0.1,0.0,0.0,99.0,279.5,279.17,279.17,279.5,284.11,292.49,0.0,0.0,0.0,0.0,0.0,0.0
0.14,0.0,0.14,0.0,-0.01,0.14,-2.21,2.9,-0.1,0.0,0.0,99.0,279.5,279.17,279.17,279.5,284.11,292.49,0.0,0.0,0.0,0.0,0.0,0.0
0.14,0.0,0.14,0.0,-0.01,0.15,-2.21,2.9,-0.1,0.0,0.0,99.0,279.5,279.17,279.17,279.5,284.11,292.49,0.0,0.0,0.0,0.0,0.0,0.0
0.14,0.0,0.14,0.0,-0.01,0.14,-2.21,2.9,-0.1,0.0,0.0,99.0,279.5,279.17,279.17,279.5,284.11,292.49,0.0,0.0,0.0,0.0,0.0,0.0
0.14,0.0,0.14,0.0,-0.01,0.15,-2.21,2.9,-0.1,0.0,0.0,99.0,279.5,279.17,279.17,279.5,284.11,292.49,0.0,0.0,0.0,0.0,0.0,0.0
0.14,0.0,0.14,0.0,-0.01,0.15,-2.21,2.9,-0.1,0.0,0.0,99.0,279.5,279.17,279.17,279.5,284.11,292.49,0.0,0.0,0.0,0.0,0.0,0.0
0.14,0.0,0.14,0.0,-0.01,0.15,-2.21,2.9,-0.1,0.0,0.0,99.0,279.5,279.17,279.17,279.5,284.45,292.49,0.0,0.0,0.0,0.0,0.0,0.0
0.14,0.0,0.14,0.0,-0.01,0.15,-2.21,2.9,-0.1,0.0,0.0,99.0,279.5,279.17,279.17,279.5,284.45,292.49,0.0,0.0,0.0,0.0,0.0,0.0
0.14,0.0,0.14,0.0,-0.01,0.15,-2.22,2.9,-0.1,0.0,0.0,99.0,279.5,279.17,279.17,279.5,284.11,292.49,0.0,0.0,0.0,0.0,0.0,0.0
0.14,0.0,0.14,0.0,-0.01,0.15,-2.22,2.9,-0.1,0.0,0.0,99.0,279.5,279.17,279.17,279.5,284.45,292.49,0.0,0.0,0.0,0.0,0.0,0.0
0.14,0.0,0.14,0.0,-0.01,0.15,-2.21,2.9,-0.1,0.0,0.0,99.0,279.5,279.17,279.17,279.5,284.11,292.49,0.0,0.0,0.0,0.0,0.0,0.0
0.14,0.0,0.14,0.0,-0.01,0.15,-2.21,2.9,-0.1,0.0,0.0,99.0,279.5,279.17,279.17,279.5,284.11,292.49,0.0,0.0,0.0,0.0,0.0,0.0
0.14,0.0,0.14,0.0,-0.01,0.15,-2.21,2.9,-0.1,0.0,0.0,99.0,279.5,279.17,279.17,279.5,284.62,292.49,0.0,0.0,0.0,0.0,0.0,0.0
0.14,0.0,0.14,0.0,-0.01,0.14,-2.21,2.9,-0.1,0.0,0.0,99.0,279.5,279.17,279.17,279.5,284.8,292.49,0.0,0.0,0.0,0.0,0.0,0.0
0.14,0.0,0.14,0.0,-0.01,0.15,-2.21,2.9,-0.1,0.0,0.0,99.0,279.5,279.17,279.17,279.5,284.11,292.49,0.0,0.0,0.0,0.0,0.0,0.0
0.14,0.0,0.14,0.0,-0.01,0.15,-2.21,2.9,-0.1,0.0,0.0,99.0,279.5,279.17,279.17,279.5,284.11,292.49,0.0,0.0,0.0,0.0,0.0,0.0
0.14,0.0,0.14,0.0,-0.01,0.15,-2.21,2.9,-0.1,0.0,0.0,99.0,279.5,279.17,279.17,279.5,284.11,292.49,0.0,0.0,0.0,0.0,0.0,0.0
0.14,0.0,0.14,0.0,-0.01,0.15,-2.21,2.9,-0.1,0.0,0.0,99.0,279.5,279.17,279.17,279.5,284.28,292.49,0.0,0.0,0.0,0.0,0.0,0.0
0.14,0.0,0.14,0.0,-0.01,0.15,-2.21,2.9,-0.1,0.0,0.0,99.0,279.5,279.17,279.17,279.5,284.28,292.49,0.0,0.0,0.0,0.0,0.0,0.0
0.14,0.0,0.14,0.0,-0.01,0.15,-2.22,2.9,-0.1,0.0,0.0,99.0,279.5,279.17,279.17,279.5,284.28,292.49,0.0,0.0,0.0,0.0,0.0,0.0
0.14,0.0,0.14,0.0,-0.01,0.15,-2.21,2.9,-0.1,0.0,0.0,99.0,279.5,279.17,279.17,279.5,284.28,292.49,0.0,0.0,0.0,0.0,0.0,0.0
0.14,0.0,0.14,0.0,-0.01,0.15,-2.21,2.9,-0.1,0.0,0.0,99.0,279.5,279.17,279.17,279.5,284.11,292.49,0.0,0.0,0.0,0.0,0.0,0.0
0.14,0.0,0.14,0.0,-0.01,0.15,-2.21,2.9,-0.1,0.0,0.0,99.0,279.5,279.17,279.17,279.5,284.11,292.49,0.0,0.0,0.0,0.0,0.0,0.0
0.14,0.0,0.14,0.0,-0.01,0.14,-2.21,2.9,-0.1,0.0,0.0,99.0,279.5,279.17,279.17,279.5,284.11,292.49,0.0,0.0,0.0,0.0,0.0,0.0
0.14,0.0,0.14,0.0,-0.01,0.15,-2.21,2.9,-0.1,0.0,0.0,99.0,279.5,279.17,279.17,279.5,284.11,292.49,0.0,0.0,0.0,0.0,0.0,0.0
0.14,0.0,0.14,0.0,-0.01,0.14,-2.21,2.9,-0.1,0.0,0.0,99.0,279.5,279.17,279.17,279.5,284.62,292.49,0.0,0.0,0.0,0.0,0.0,0.0
0.14,0.0,0.14,0.0,-0.01,0.15,-2.21,2.9,-0.1,0.0,0.0,99.0,279.5,279.17,279.17,279.5,284.8,292.49,0.0,0.0,0.0,0.0,0.0,0.0
0.14,0.0,0.14,0.0,-0.01,0.14,-2.21,2.9,-0.1,0.0,0.0,99.0,279.5,279.17,279.17,279.5,284.11,292.49,0.0,0.0,0.0,0.0,0.0,0.0
0.14,0.0,0.14,0.0,-0.01,0.14,-2.21,2.9,-0.1,0.0,0.0,99.0,279.5,279.17,279.17,279.5,284.11,292.49,0.0,0.0,0.0,0.0,0.0,0.0
0.14,0.0,0.14,0.0,-0.01,0.14,-2.21,2.9,-0.1,0.0,0.0,99.0,279.5,279.17,279.17,279.5,284.28,292.49,0.0,0.0,0.0,0.0,0.0,0.0
0.14,0.0,0.14,0.0,0.0,0.09,-2.32,2.23,-0.1,0.0,0.0,99.0,276.54,276.21,276.37,276.7,282.57,292.49,0.0,0.0,0.0,0.0,0.0,0.0
0.14,0.0,0.14,0.0,0.0,0.09,-2.32,2.23,-0.1,0.0,0.0,99.0,276.54,276.21,276.37,276.7,283.42,292.49,0.0,0.0,0.0,0.0,0.0,0.0
0.14,0.0,0.14,0.0,0.0,0.08,-2.32,2.23,-0.1,0.0,0.0,99.0,276.54,276.37,276.37,276.7,282.74,292.49,0.0,0.0,0.0,0.0,0.0,0.0
0.14,0.0,0.14,0.0,0.0,0.09,-2.32,2.23,-0.1,0.0,0.0,99.0,276.54,276.37,276.37,276.7,283.6,292.49,0.0,0.0,0.0,0.0,0.0,0.0
0.14,0.0,0.14,0.0,0.0,0.09,-2.32,2.23,-0.1,0.0,0.0,99.0,276.54,276.37,276.37,276.7,282.74,292.49,0.0,0.0,0.0,0.0,0.0,0.0
0.14,0.0,0.14,0.0,0.0,0.09,-2.32,2.23,-0.1,0.0,0.0,99.0,276.54,276.37,276.37,276.7,283.08,292.49,0.0,0.0,0.0,0.0,0.0,0.0
0.14,0.0,0.14,0.0,0.0,0.09,-2.32,2.23,-0.1,0.0,0.0,99.0,276.54,276.37,276.37,276.7,282.57,292.49,0.0,0.0,0.0,0.0,0.0,0.0
0.14,0.0,0.14,0.0,-0.0,0.09,-2.32,2.23,-0.1,0.0,0.0,99.0,276.54,276.37,276.37,276.7,282.4,292.49,0.0,0.0,0.0,0.0,0.0,0.0
0.14,0.0,0.14,0.0,-0.0,0.09,-2.32,2.23,-0.1,0.0,0.0,99.0,276.54,276.37,276.37,276.7,283.25,292.49,0.0,0.0,0.0,0.0,0.0,0.0
0.14,0.0,0.14,0.0,-0.0,0.09,-2.32,2.24,-0.1,0.0,0.0,99.0,276.54,276.37,276.37,276.7,283.08,292.49,0.0,0.0,0.0,0.0,0.0,0.0
0.14,0.0,0.14,0.0,-0.0,0.09,-2.32,2.23,-0.1,0.0,0.0,99.0,276.54,276.37,276.37,276.7,283.77,292.49,0.0,0.0,0.0,0.0,0.0,0.0
0.14,0.0,0.14,0.0,0.0,0.09,-2.32,2.23,-0.1,0.0,0.0,99.0,276.54,276.37,276.37,276.7,282.4,292.49,0.0,0.0,0.0,0.0,0.0,0.0
0.14,0.0,0.14,0.0,0.0,0.09,-2.32,2.24,-0.1,0.0,0.0,99.0,276.54,276.37,276.37,276.7,282.22,292.49,0.0,0.0,0.0,0.0,0.0,0.0
0.14,0.0,0.14,0.0,-0.0,0.09,-2.32,2.23,-0.1,0.0,0.0,99.0,276.54,276.37,276.37,276.7,283.08,292.49,0.0,0.0,0.0,0.0,0.0,0.0
0.14,0.0,0.14,0.0,-0.0,0.09,-2.32,2.23,-0.1,0.0,0.0,99.0,276.54,276.21,276.37,276.7,282.4,292.49,0.0,0.0,0.0,0.0,0.0,0.0
0.14,0.0,0.14,0.0,-0.0,0.09,-2.32,2.23,-0.1,0.0,0.0,99.0,276.54,276.37,276.37,276.7,282.4,292.49,0.0,0.0,0.0,0.0,0.0,0.0
0.14,0.0,0.14,0.0,-0.0,0.09,-2.32,2.23,-0.1,0.0,0.0,99.0,276.54,276.37,276.37,276.7,283.08,292.49,0.0,0.0,0.0,0.0,0.0,0.0
0.14,0.0,0.14,0.0,-0.0,0.09,-2.32,2.24,-0.1,0.0,0.0,99.0,276.54,276.37,276.37,276.7,282.74,292.49,0.0,0.0,0.0,0.0,0.0,0.0
0.14,0.0,0.14,0.0,-0.0,0.09,-2.32,2.23,-0.1,0.0,0.0,99.0,276.54,276.37,276.37,276.7,283.08,292.49,0.0,0.0,0.0,0.0,0.0,0.0
0.14,0.0,0.14,0.0,0.0,0.09,-2.32,2.23,-0.1,0.0,0.0,99.0,276.54,276.21,276.37,276.7,283.6,292.49,0.0,0.0,0.0,0.0,0.0,0.0
0.14,0.0,0.14,0.0,0.0,0.09,-2.32,2.23,-0.1,0.0,0.0,99.0,276.54,276.21,276.37,276.7,282.91,292.49,0.0,0.0,0.0,0.0,0.0,0.0
0.14,0.0,0.14,0.0,0.0,0.09,-2.32,2.24,-0.1,0.0,0.0,99.0,276.54,276.37,276.37,276.7,282.74,292.49,0.0,0.0,0.0,0.0,0.0,0.0
0.14,0.0,0.14,0.0,0.0,0.08,-2.32,2.23,-0.1,0.0,0.0,99.0,276.54,276.37,276.37,276.7,283.08,292.49,0.0,0.0,0.0,0.0,0.0,0.0
0.14,0.0,0.14,0.0,0.0,0.08,-2.32,2.23,-0.1,0.0,0.0,99.0,276.54,276.37,276.37,276.7,282.57,292.49,0.0,0.0,0.0,0.0,0.0,0.0
0.14,0.0,0.14,0.0,0.0,0.09,-2.32,2.23,-0.1,0.0,0.0,99.0,276.54,276.37,276.37,276.7,282.57,292.49,0.0,0.0,0.0,0.0,0.0,0.0
0.14,0.0,0.14,0.0,0.0,0.08,-2.32,2.23,-0.1,0.0,0.0,99.0,276.54,276.21,276.37,276.7,282.91,292.49,0.0,0.0,0.0,0.0,0.0,0.0
0.14,0.0,0.14,0.0,0.0,0.09,-2.32,2.23,-0.1,0.0,0.0,99.0,276.54,276.21,276.37,276.7,282.74,292.49,0.0,0.0,0.0,0.0,0.0,0.0
0.14,0.0,0.14,0.0,0.0,0.09,-2.32,2.23,-0.1,0.0,0.0,99.0,276.54,276.21,276.37,276.7,283.25,292.49,0.0,0.0,0.0,0.0,0.0,0.0
0.14,0.0,0.14,0.0,0.0,0.09,-2.32,2.23,-0.1,0.0,0.0,99.0,276.54,276.37,276.37,276.7,282.57,292.49,0.0,0.0,0.0,0.0,0.0,0.0
0.14,0.0,0.14,0.0,0.0,0.09,-2.32,2.23,-0.1,0.0,0.0,99.0,276.54,276.37,276.37,276.7,282.4,292.49,0.0,0.0,0.0,0.0,0.0,0.0
0.14,0.0,0.14,0.0,0.0,0.09,-2.32,2.23,-0.1,0.0,0.0,99.0,276.54,276.21,276.37,276.7,282.74,292.49,0.0,0.0,0.0,0.0,0.0,0.0
0.14,0.0,0.14,0.0,0.0,0.08,-2.32,2.23,-0.1,0.0,0.0,99.0,276.54,276.37,276.37,276.7,282.91,292.49,0.0,0.0,0.0,0.0,0.0,0.0
0.14,0.0,0.14,0.0,0.0,0.08,-2.32,2.23,-0.1,0.0,0.0,99.0,276.54,276.21,276.37,276.7,282.05,292.49,0.0,0.0,0.0,0.0,0.0,0.0
0.14,0.0,0.14,0.0,0.0,0.09,-2.32,2.23,-0.1,0.0,0.0,99.0,276.54,276.37,276.37,276.7,282.91,292.49,0.0,0.0,0.0,0.0,0.0,0.0
0.14,0.0,0.14,0.0,0.0,0.09,-2.32,2.23,-0.1,0.0,0.0,99.0,276.54,276.37,276.37,276.7,282.74,292.49,0.0,0.0,0.0,0.0,0.0,0.0
0.14,0.0,0.14,0.0,0.0,0.09,-2.32,2.23,-0.1,0.0,0.0,99.0,276.54,276.21,276.37,276.7,283.08,292.49,0.0,0.0,0.0,0.0,0.0,0.0
0.14,0.0,0.14,0.0,0.0,0.09,-2.32,2.23,-0.1,0.0,0.0,99.0,276.54,276.37,276.37,276.7,282.91,292.49,0.0,0.0,0.0,0.0,0.0,0.0
0.14,0.0,0.14,0.0,0.0,0.09,-2.32,2.23,-0.1,0.0,0.0,99.0,276.54,276.37,276.37,276.7,282.74,292.49,0.0,0.0,0.0,0.0,0.0,0.0
0.14,0.0,0.14,0.0,0.0,0.08,-2.32,2.23,-0.1,0.0,0.0,99.0,276.54,276.37,276.37,276.7,282.05,292.49,0.0,0.0,0.0,0.0,0.0,0.0
0.14,0.0,0.14,0.0,0.0,0.08,-2.32,2.23,-0.1,0.0,0.0,99.0,276.54,276.37,276.37,276.7,282.91,292.49,0.0,0.0,0.0,0.0,0.0,0.0
0.14,0.0,0.14,0.0,0.0,0.09,-2.32,2.23,-0.11,0.0,0.0,99.0,276.54,276.21,276.37,276.7,282.91,292.49,0.0,0.0,0.0,0.0,0.0,0.0
0.14,0.0,0.14,0.0,0.0,0.09,-2.32,2.23,-0.1,0.0,0.0,99.0,276.54,276.21,276.37,276.7,282.91,292.49,0.0,0.0,0.0,0.0,0.0,0.0
0.14,0.0,0.14,0.0,0.0,0.09,-2.32,2.23,-0.1,0.0,0.0,99.0,276.54,276.37,276.37,276.7,283.42,292.49,0.0,0.0,0.0,0.0,0.0,0.0
0.14,0.0,0.14,0.0,0.0,0.09,-2.32,2.23,-0.1,0.0,0.0,99.0,276.54,276.37,276.37,276.7,283.42,292.49,0.0,0.0,0.0,0.0,0.0,0.0
0.14,0.0,0.14,0.0,0.0,0.09,-2.32,2.23,-0.1,0.0,0.0,99.0,276.54,276.37,276.37,276.7,283.25,292.49,0.0,0.0,0.0,0.0,0.0,0.0
0.14,0.0,0.14,0.0,0.0,0.09,-2.32,2.23,-0.1,0.0,0.0,99.0,276.54,276.37,276.37,276.7,282.91,292.49,0.0,0.0,0.0,0.0,0.0,0.0
0.14,0.0,0.14,0.0,0.0,0.09,-2.32,2.24,-0.11,0.0,0.0,99.0,276.54,276.37,276.37,276.7,282.74,292.49,0.0,0.0,0.0,0.0,0.0,0.0
0.14,0.0,0.14,0.0,0.0,0.09,-2.32,2.23,-0.11,0.0,0.0,99.0,276.54,276.37,276.37,276.7,283.77,292.49,0.0,0.0,0.0,0.0,0.0,0.0
0.14,0.0,0.14,0.0,0.0,0.09,-2.32,2.24,-0.11,0.0,0.0,99.0,276.54,276.37,276.37,276.7,282.74,292.49,0.0,0.0,0.0,0.0,0.0,0.0
0.14,0.0,0.14,0.0,0.0,0.09,-2.32,2.23,-0.11,0.0,0.0,99.0,276.54,276.21,276.37,276.7,282.4,292.49,0.0,0.0,0.0,0.0,0.0,0.0
0.14,0.0,0.14,0.0,0.0,0.09,-2.32,2.23,-0.1,0.0,0.0,99.0,276.54,276.21,276.37,276.7,282.57,292.49,0.0,0.0,0.0,0.0,0.0,0.0
0.14,0.0,0.14,0.0,0.0,0.08,-2.32,2.24,-0.11,0.0,0.0,99.0,276.54,276.21,276.37,276.7,282.91,292.49,0.0,0.0,0.0,0.0,0.0,0.0
0.14,0.0,0.14,0.0,0.0,0.09,-2.32,2.23,-0.1,0.0,0.0,99.0,276.54,276.21,276.37,276.7,282.91,292.49,0.0,0.0,0.0,0.0,0.0,0.0
0.14,0.0,0.14,0.0,0.0,0.09,-2.32,2.23,-0.1,0.0,0.0,99.0,276.54,276.21,276.37,276.7,282.74,292.49,0.0,0.0,0.0,0.0,0.0,0.0
0.14,0.0,0.14,0.0,0.0,0.09,-2.32,2.23,-0.11,0.0,0.0,99.0,276.54,276.37,276.37,276.7,282.22,292.49,0.0,0.0,0.0,0.0,0.0,0.0
0.14,0.0,0.14,0.0,0.0,0.09,-2.32,2.23,-0.1,0.0,0.0,99.0,276.54,276.21,276.37,276.7,283.6,292.49,0.0,0.0,0.0,0.0,0.0,0.0
0.14,0.0,0.14,0.0,0.0,0.09,-2.32,2.23,-0.1,0.0,0.0,99.0,276.54,276.21,276.37,276.7,282.57,292.49,0.0,0.0,0.0,0.0,0.0,0.0
0.14,0.0,0.14,0.0,0.0,0.08,-2.32,2.23,-0.1,0.0,0.0,99.0,276.54,276.21,276.37,276.7,283.25,292.49,0.0,0.0,0.0,0.0,0.0,0.0
0.14,0.0,0.14,0.0,0.0,0.08,-2.32,2.23,-0.11,0.0,0.0,99.0,276.54,276.21,276.37,276.7,282.91,292.49,0.0,0.0,0.0,0.0,0.0,0.0
0.14,0.0,0.14,0.0,0.0,0.09,-2.32,2.23,-0.11,0.0,0.0,99.0,276.54,276.21,276.37,276.7,283.42,292.49,0.0,0.0,0.0,0.0,0.0,0.0
0.14,0.0,0.14,0.0,0.0,0.09,-2.32,2.23,-0.1,0.0,0.0,99.0,276.54,276.37,276.37,276.7,282.05,292.49,0.0,0.0,0.0,0.0,0.0,0.0
0.14,0.0,0.14,0.0,0.0,0.08,-2.32,2.23,-0.1,0.0,0.0,99.0,276.54,276.21,276.37,276.7,283.6,292.49,0.0,0.0,0.0,0.0,0.0,0.0
0.14,0.0,0.14,0.0,0.0,0.09,-2.32,2.23,-0.1,0.0,0.0,99.0,276.54,276.21,276.37,276.7,282.22,292.49,0.0,0.0,0.0,0.0,0.0,0.0
0.14,0.0,0.14,0.0,0.0,0.09,-2.32,2.23,-0.1,0.0,0.0,99.0,276.54,276.21,276.37,276.7,281.54,292.49,0.0,0.0,0.0,0.0,0.0,0.0
0.14,0.0,0.14,0.0,0.0,0.08,-2.32,2.23,-0.11,0.0,0.0,99.0,276.54,276.21,276.37,276.7,282.05,292.49,0.0,0.0,0.0,0.0,0.0,0.0
0.14,0.0,0.14,0.0,0.0,0.08,-2.32,2.23,-0.11,0.0,0.0,99.0,276.54,276.21,276.37,276.7,282.57,292.49,0.0,0.0,0.0,0.0,0.0,0.0
0.14,0.0,0.14,0.0,0.0,0.08,-2.32,2.23,-0.1,0.0,0.0,99.0,276.54,276.21,276.37,276.7,282.74,292.49,0.0,0.0,0.0,0.0,0.0,0.0
0.14,0.0,0.14,0.0,0.0,0.08,-2.32,2.23,-0.1,0.0,0.0,99.0,276.54,276.37,276.37,276.7,282.22,292.49,0.0,0.0,0.0,0.0,0.0,0.0
0.14,0.0,0.14,0.0,0.0,0.08,-2.32,2.23,-0.1,0.0,0.0,99.0,276.54,276.21,276.37,276.7,282.57,292.49,0.0,0.0,0.0,0.0,0.0,0.0
0.14,0.0,0.14,0.0,0.0,0.08,-2.32,2.23,-0.1,0.0,0.0,99.0,276.54,276.21,276.37,276.7,282.74,292.49,0.0,0.0,0.0,0.0,0.0,0.0
0.14,0.0,0.14,0.0,-0.0,0.08,-2.32,2.23,-0.11,0.0,0.0,99.0,276.54,276.21,276.37,276.7,283.08,292.49,0.0,0.0,0.0,0.0,0.0,0.0
0.14,0.0,0.14,0.0,0.0,0.09,-2.32,2.23,-0.1,0.0,0.0,99.0,276.54,276.21,276.37,276.7,282.22,292.49,0.0,0.0,0.0,0.0,0.0,0.0
0.14,0.0,0.14,0.0,0.0,0.09,-2.32,2.23,-0.11,0.0,0.0,99.0,276.54,276.21,276.37,276.7,281.88,292.49,0.0,0.0,0.0,0.0,0.0,0.0
0.14,0.0,0.14,0.0,0.0,0.08,-2.32,2.23,-0.11,0.0,0.0,99.0,276.54,276.21,276.37,276.7,283.25,292.49,0.0,0.0,0.0,0.0,0.0,0.0
0.14,0.0,0.14,0.0,0.0,0.09,-2.32,2.23,-0.11,0.0,0.0,99.0,276.54,276.21,276.37,276.7,283.08,292.49,0.0,0.0,0.0,0.0,0.0,0.0
0.14,0.0,0.14,0.0,0.0,0.09,-2.32,2.23,-0.11,0.0,0.0,99.0,276.54,276.21,276.37,276.7,282.57,292.49,0.0,0.0,0.0,0.0,0.0,0.0
0.14,0.0,0.14,0.0,0.0,0.09,-2.32,2.24,-0.11,0.0,0.0,99.0,276.54,276.37,276.37,276.7,283.08,292.49,0.0,0.0,0.0,0.0,0.0,0.0
0.14,0.0,0.14,0.0,0.0,0.09,-2.32,2.23,-0.11,0.0,0.0,99.0,276.54,276.21,276.37,276.7,282.74,292.49,0.0,0.0,0.0,0.0,0.0,0.0
0.14,0.0,0.14,0.0,0.0,0.09,-2.32,2.23,-0.11,0.0,0.0,99.0,276.54,276.21,276.37,276.7,282.74,292.49,0.0,0.0,0.0,0.0,0.0,0.0
0.14,0.0,0.14,0.0,0.0,0.09,-2.32,2.23,-0.11,0.0,0.0,99.0,276.54,276.21,276.37,276.7,283.25,292.49,0.0,0.0,0.0,0.0,0.0,0.0
0.14,0.0,0.14,0.0,0.0,0.09,-2.32,2.23,-0.11,0.0,0.0,99.0,276.54,276.21,276.37,276.7,282.57,292.49,0.0,0.0,0.0,0.0,0.0,0.0
0.14,0.0,0.14,0.0,0.0,0.09,-2.32,2.24,-0.11,0.0,0.0,99.0,276.54,276.21,276.37,276.7,282.91,292.49,0.0,0.0,0.0,0.0,0.0,0.0
0.14,0.0,0.14,0.0,0.0,0.09,-2.32,2.23,-0.1,0.0,0.0,99.0,276.54,276.21,276.37,276.7,282.74,292.49,0.0,0.0,0.0,0.0,0.0,0.0
0.14,0.0,0.14,0.0,0.0,0.09,-2.32,2.23,-0.11,0.0,0.0,99.0,276.54,276.37,276.37,276.7,283.42,292.49,0.0,0.0,0.0,0.0,0.0,0.0
0.14,0.0,0.14,0.0,0.0,0.09,-2.32,2.23,-0.11,0.0,0.0,99.0,276.54,276.21,276.37,276.7,283.42,292.49,0.0,0.0,0.0,0.0,0.0,0.0
0.14,0.0,0.14,0.0,0.0,0.08,-2.32,2.23,-0.1,0.0,0.0,99.0,276.54,276.21,276.37,276.7,282.74,292.49,0.0,0.0,0.0,0.0,0.0,0.0
0.14,0.0,0.14,0.0,0.0,0.09,-2.32,2.23,-0.1,0.0,0.0,99.0,276.54,276.21,276.37,276.7,282.91,292.49,0.0,0.0,0.0,0.0,0.0,0.0
0.14,0.0,0.14,0.0,0.0,0.09,-2.32,2.23,-0.1,0.0,0.0,99.0,276.54,276.21,276.37,276.7,282.05,292.49,0.0,0.0,0.0,0.0,0.0,0.0
0.14,0.0,0.14,0.0,0.0,0.09,-2.32,2.23,-0.11,0.0,0.0,99.0,276.54,276.21,276.37,276.7,282.22,292.49,0.0,0.0,0.0,0.0,0.0,0.0
0.14,0.0,0.14,0.0,0.0,0.09,-2.32,2.23,-0.1,0.0,0.0,99.0,276.54,276.21,276.37,276.7,282.4,292.49,0.0,0.0,0.0,0.0,0.0,0.0
0.14,0.0,0.14,0.0,-0.0,0.09,-2.32,2.24,-0.11,0.0,0.0,99.0,276.54,276.37,276.37,276.7,282.57,292.49,0.0,0.0,0.0,0.0,0.0,0.0
0.14,0.0,0.14,0.0,0.0,0.09,-2.32,2.23,-0.11,0.0,0.0,99.0,276.54,276.37,276.37,276.7,282.4,292.49,0.0,0.0,0.0,0.0,0.0,0.0
0.14,0.0,0.14,0.0,0.0,0.09,-2.32,2.23,-0.11,0.0,0.0,99.0,276.54,276.37,276.37,276.7,281.54,292.49,0.0,0.0,0.0,0.0,0.0,0.0
0.14,0.0,0.14,0.0,0.0,0.09,-2.32,2.23,-0.1,0.0,0.0,99.0,276.54,276.21,276.37,276.7,282.22,292.49,0.0,0.0,0.0,0.0,0.0,0.0
0.14,0.0,0.14,0.0,0.0,0.09,-2.32,2.23,-0.11,0.0,0.0,99.0,276.54,276.21,276.37,276.7,282.91,292.49,0.0,0.0,0.0,0.0,0.0,0.0
0.14,0.0,0.14,0.0,-0.0,0.09,-2.32,2.23,-0.11,0.0,0.0,99.0,276.54,276.21,276.37,276.7,282.57,292.49,0.0,0.0,0.0,0.0,0.0,0.0
0.14,0.0,0.14,0.0,-0.0,0.09,-2.32,2.23,-0.1,0.0,0.0,99.0,276.54,276.21,276.37,276.7,282.4,292.49,0.0,0.0,0.0,0.0,0.0,0.0
0.14,0.0,0.14,0.0,0.0,0.09,-2.32,2.23,-0.1,0.0,0.0,99.0,276.54,276.21,276.37,276.7,282.91,292.49,0.0,0.0,0.0,0.0,0.0,0.0
0.14,0.0,0.14,0.0,0.0,0.09,-2.32,2.24,-0.1,0.0,0.0,99.0,276.54,276.21,276.37,276.7,283.25,292.49,0.0,0.0,0.0,0.0,0.0,0.0
0.14,0.0,0.14,0.0,0.0,0.09,-2.32,2.24,-0.1,0.0,0.0,99.0,276.54,276.21,276.37,276.7,282.74,292.49,0.0,0.0,0.0,0.0,0.0,0.0
0.14,0.0,0.14,0.0,0.0,0.09,-2.32,2.24,-0.1,0.0,0.0,99.0,276.54,276.21,276.37,276.7,283.08,292.49,0.0,0.0,0.0,0.0,0.0,0.0
0.14,0.0,0.14,0.0,0.0,0.09,-2.32,2.24,-0.11,0.0,0.0,99.0,276.54,276.21,276.37,276.7,283.08,292.49,0.0,0.0,0.0,0.0,0.0,0.0
0.14,0.0,0.14,0.0,0.0,0.09,-2.32,2.23,-0.11,0.0,0.0,99.0,276.54,276.21,276.37,276.7,282.4,292.49,0.0,0.0,0.0,0.0,0.0,0.0
0.14,0.0,0.14,0.0,0.0,0.09,-2.32,2.23,-0.11,0.0,0.0,99.0,276.54,276.21,276.37,276.7,282.74,292.49,0.0,0.0,0.0,0.0,0.0,0.0
0.14,0.0,0.14,0.0,0.0,0.09,-2.32,2.24,-0.11,0.0,0.0,99.0,276.54,276.37,276.37,276.7,282.74,292.49,0.0,0.0,0.0,0.0,0.0,0.0
0.14,0.0,0.14,0.0,0.0,0.09,-2.32,2.24,-0.11,0.0,0.0,99.0,276.54,276.21,276.37,276.7,282.57,292.49,0.0,0.0,0.0,0.0,0.0,0.0
0.14,0.0,0.14,0.0,0.0,0.09,-2.32,2.23,-0.11,0.0,0.0,99.0,276.54,276.21,276.37,276.7,282.91,292.49,0.0,0.0,0.0,0.0,0.0,0.0
0.14,0.0,0.14,0.0,0.0,0.09,-2.32,2.23,-0.11,0.0,0.0,99.0,276.54,276.21,276.37,276.7,282.74,292.49,0.0,0.0,0.0,0.0,0.0,0.0
0.14,0.0,0.14,0.0,0.0,0.09,-2.32,2.23,-0.1,0.0,0.0,99.0,276.54,276.21,276.37,276.7,282.05,292.49,0.0,0.0,0.0,0.0,0.0,0.0
0.14,0.0,0.14,0.0,0.0,0.09,-2.32,2.23,-0.11,0.0,0.0,99.0,276.54,276.21,276.37,276.7,282.05,292.49,0.0,0.0,0.0,0.0,0.0,0.0
0.14,0.0,0.14,0.0,0.0,0.09,-2.32,2.23,-0.11,0.0,0.0,99.0,276.54,276.37,276.37,276.7,283.42,292.49,0.0,0.0,0.0,0.0,0.0,0.0
0.14,0.0,0.14,0.0,-0.0,0.09,-2.32,2.23,-0.11,0.0,0.0,99.0,276.54,276.37,276.37,276.7,282.91,292.49,0.0,0.0,0.0,0.0,0.0,0.0
0.14,0.0,0.14,0.0,-0.0,0.09,-2.32,2.23,-0.1,0.0,0.0,99.0,276.54,276.21,276.37,276.7,283.08,292.49,0.0,0.0,0.0,0.0,0.0,0.0
0.14,0.0,0.14,0.0,0.0,0.09,-2.32,2.24,-0.1,0.0,0.0,99.0,276.54,276.21,276.37,276.7,282.74,292.49,0.0,0.0,0.0,0.0,0.0,0.0
0.14,0.0,0.14,0.0,0.0,0.09,-2.32,2.24,-0.1,0.0,0.0,99.0,276.54,276.21,276.37,276.7,282.74,292.49,0.0,0.0,0.0,0.0,0.0,0.0
0.14,0.0,0.14,0.0,0.0,0.09,-2.32,2.24,-0.1,0.0,0.0,99.0,276.54,276.21,276.37,276.7,282.74,292.49,0.0,0.0,0.0,0.0,0.0,0.0
0.14,0.0,0.14,0.0,0.0,0.09,-2.32,2.24,-0.1,0.0,0.0,99.0,276.54,276.21,276.37,276.7,283.6,292.49,0.0,0.0,0.0,0.0,0.0,0.0
0.14,0.0,0.14,0.0,0.0,0.09,-2.32,2.24,-0.11,0.0,0.0,99.0,276.54,276.21,276.37,276.7,283.42,292.49,0.0,0.0,0.0,0.0,0.0,0.0
0.14,0.0,0.14,0.0,0.0,0.09,-2.32,2.24,-0.1,0.0,0.0,99.0,276.54,276.21,276.37,276.7,282.74,292.49,0.0,0.0,0.0,0.0,0.0,0.0
0.14,0.0,0.14,0.0,0.0,0.09,-2.32,2.24,-0.1,0.0,0.0,99.0,276.54,276.21,276.37,276.7,282.74,292.49,0.0,0.0,0.0,0.0,0.0,0.0
0.14,0.0,0.14,0.0,0.0,0.09,-2.32,2.24,-0.1,0.0,0.0,99.0,276.54,276.21,276.37,276.7,282.22,292.49,0.0,0.0,0.0,0.0,0.0,0.0
0.14,0.0,0.14,0.0,0.0,0.09,-2.32,2.23,-0.1,0.0,0.0,99.0,276.54,276.21,276.37,276.7,282.91,292.49,0.0,0.0,0.0,0.0,0.0,0.0
0.14,0.0,0.14,0.0,0.0,0.09,-2.32,2.24,-0.1,0.0,0.0,99.0,276.54,276.21,276.37,276.7,282.91,292.49,0.0,0.0,0.0,0.0,0.0,0.0
0.14,0.0,0.14,0.0,-0.0,0.09,-2.32,2.24,-0.1,0.0,0.0,99.0,276.54,276.21,276.37,276.7,283.42,292.49,0.0,0.0,0.0,0.0,0.0,0.0
0.14,0.0,0.14,0.0,-0.0,0.09,-2.32,2.24,-0.1,0.0,0.0,99.0,276.54,276.21,276.37,276.7,282.05,292.49,0.0,0.0,0.0,0.0,0.0,0.0
0.14,0.0,0.14,0.0,0.0,0.09,-2.32,2.24,-0.1,0.0,0.0,99.0,276.54,276.21,276.37,276.7,282.4,292.49,0.0,0.0,0.0,0.0,0.0,0.0
0.14,0.0,0.14,0.0,0.0,0.09,-2.32,2.24,-0.1,0.0,0.0,99.0,276.54,276.21,276.37,276.7,282.74,292.49,0.0,0.0,0.0,0.0,0.0,0.0
0.14,0.0,0.14,0.0,0.0,0.09,-2.32,2.24,-0.11,0.0,0.0,99.0,276.54,276.21,276.37,276.7,282.91,292.49,0.0,0.0,0.0,0.0,0.0,0.0
0.14,0.0,0.14,0.0,0.0,0.09,-2.32,2.24,-0.1,0.0,0.0,99.0,276.54,276.21,276.37,276.7,283.42,292.49,0.0,0.0,0.0,0.0,0.0,0.0
0.14,0.0,0.14,0.0,0.0,0.09,-2.32,2.24,-0.1,0.0,0.0,99.0,276.54,276.21,276.37,276.7,282.57,292.49,0.0,0.0,0.0,0.0,0.0,0.0
0.14,0.0,0.14,0.0,0.0,0.09,-2.32,2.24,-0.1,0.0,0.0,99.0,276.54,276.21,276.37,276.7,283.6,292.49,0.0,0.0,0.0,0.0,0.0,0.0
0.14,0.0,0.14,0.0,0.0,0.09,-2.32,2.24,-0.1,0.0,0.0,99.0,276.54,276.21,276.37,276.7,283.08,292.49,0.0,0.0,0.0,0.0,0.0,0.0
0.14,0.0,0.14,0.0,0.0,0.09,-2.32,2.24,-0.1,0.0,0.0,99.0,276.54,276.21,276.37,276.7,281.88,292.49,0.0,0.0,0.0,0.0,0.0,0.0
0.14,0.0,0.14,0.0,0.0,0.09,-2.32,2.24,-0.11,0.0,0.0,99.0,276.54,276.21,276.37,276.7,282.05,292.49,0.0,0.0,0.0,0.0,0.0,0.0
0.14,0.0,0.14,0.0,-0.0,0.09,-2.32,2.24,-0.1,0.0,0.0,99.0,276.54,276.21,276.37,276.7,282.4,292.49,0.0,0.0,0.0,0.0,0.0,0.0
0.14,0.0,0.14,0.0,-0.0,0.09,-2.32,2.24,-0.1,0.0,0.0,99.0,276.54,276.21,276.37,276.7,282.57,292.49,0.0,0.0,0.0,0.0,0.0,0.0
0.14,0.0,0.14,0.0,-0.0,0.09,-2.32,2.24,-0.1,0.0,0.0,99.0,276.54,276.21,276.37,276.7,283.25,292.49,0.0,0.0,0.0,0.0,0.0,0.0
0.14,0.0,0.14,0.0,-0.0,0.09,-2.32,2.23,-0.1,0.0,0.0,99.0,276.54,276.37,276.37,276.7,282.57,292.49,0.0,0.0,0.0,0.0,0.0,0.0
0.14,0.0,0.14,0.0,-0.0,0.09,-2.32,2.24,-0.1,0.0,0.0,99.0,276.54,276.21,276.37,276.7,282.74,292.49,0.0,0.0,0.0,0.0,0.0,0.0
0.14,0.0,0.14,0.0,-0.0,0.09,-2.32,2.24,-0.1,0.0,0.0,99.0,276.54,276.21,276.37,276.7,283.25,292.49,0.0,0.0,0.0,0.0,0.0,0.0
0.14,0.0,0.14,0.0,0.0,0.09,-2.32,2.24,-0.1,0.0,0.0,99.0,276.54,276.21,276.37,276.7,281.71,292.49,0.0,0.0,0.0,0.0,0.0,0.0
0.14,0.0,0.14,0.0,0.0,0.09,-2.32,2.24,-0.1,0.0,0.0,99.0,276.54,276.21,276.37,276.7,283.25,292.49,0.0,0.0,0.0,0.0,0.0,0.0
0.14,0.0,0.14,0.0,0.0,0.09,-2.32,2.24,-0.1,0.0,0.0,99.0,276.54,276.21,276.37,276.7,282.05,292.49,0.0,0.0,0.0,0.0,0.0,0.0
0.14,0.0,0.14,0.0,-0.0,0.09,-2.32,2.24,-0.1,0.0,0.0,99.0,276.54,276.21,276.37,276.7,282.91,292.49,0.0,0.0,0.0,0.0,0.0,0.0
0.14,0.0,0.14,0.0,0.0,0.09,-2.32,2.24,-0.11,0.0,0.0,99.0,276.54,276.21,276.37,276.7,283.08,292.49,0.0,0.0,0.0,0.0,0.0,0.0
0.14,0.0,0.14,0.0,0.0,0.09,-2.32,2.24,-0.11,0.0,0.0,99.0,276.54,276.21,276.37,276.7,282.4,292.49,0.0,0.0,0.0,0.0,0.0,0.0
0.14,0.0,0.14,0.0,0.0,0.09,-2.32,2.24,-0.1,0.0,0.0,99.0,276.54,276.21,276.37,276.7,282.91,292.49,0.0,0.0,0.0,0.0,0.0,0.0
0.14,0.0,0.14,0.0,-0.0,0.09,-2.32,2.24,-0.1,0.0,0.0,99.0,276.54,276.37,276.37,276.7,281.37,292.49,0.0,0.0,0.0,0.0,0.0,0.0
0.14,0.0,0.14,0.0,0.0,0.09,-2.32,2.24,-0.1,0.0,0.0,99.0,276.54,276.21,276.37,276.7,283.08,292.49,0.0,0.0,0.0,0.0,0.0,0.0
0.14,0.0,0.14,0.0,0.0,0.09,-2.32,2.24,-0.1,0.0,0.0,99.0,276.54,276.21,276.37,276.7,281.2,292.49,0.0,0.0,0.0,0.0,0.0,0.0
0.14,0.0,0.14,0.0,0.0,0.09,-2.32,2.24,-0.1,0.0,0.0,99.0,276.54,276.21,276.37,276.7,283.6,292.49,0.0,0.0,0.0,0.0,0.0,0.0
0.14,0.0,0.14,0.0,0.0,0.09,-2.32,2.24,-0.1,0.0,0.0,99.0,276.54,276.21,276.37,276.7,282.22,292.49,0.0,0.0,0.0,0.0,0.0,0.0
0.14,0.0,0.14,0.0,0.0,0.09,-2.32,2.24,-0.1,0.0,0.0,99.0,276.54,276.21,276.37,276.7,281.2,292.49,0.0,0.0,0.0,0.0,0.0,0.0
0.14,0.0,0.14,0.0,0.0,0.09,-2.32,2.24,-0.1,0.0,0.0,99.0,276.54,276.21,276.37,276.7,283.08,292.49,0.0,0.0,0.0,0.0,0.0,0.0
0.14,0.0,0.14,0.0,0.0,0.09,-2.32,2.24,-0.1,0.0,0.0,99.0,276.54,276.21,276.37,276.7,283.25,292.49,0.0,0.0,0.0,0.0,0.0,0.0
0.14,0.0,0.14,0.0,0.0,0.09,-2.32,2.24,-0.1,0.0,0.0,99.0,276.54,276.21,276.37,276.7,282.91,292.49,0.0,0.0,0.0,0.0,0.0,0.0
0.14,0.0,0.14,0.0,0.0,0.09,-2.32,2.24,-0.1,0.0,0.0,99.0,276.54,276.21,276.37,276.7,282.22,292.49,0.0,0.0,0.0,0.0,0.0,0.0
0.14,0.0,0.14,0.0,0.0,0.09,-2.32,2.24,-0.1,0.0,0.0,99.0,276.54,276.37,276.37,276.7,282.91,292.49,0.0,0.0,0.0,0.0,0.0,0.0
0.14,0.0,0.14,0.0,0.0,0.09,-2.32,2.24,-0.1,0.0,0.0,99.0,276.54,276.21,276.37,276.7,282.91,292.49,0.0,0.0,0.0,0.0,0.0,0.0
0.14,0.0,0.14,0.0,0.0,0.09,-2.32,2.24,-0.1,0.0,0.0,99.0,276.54,276.21,276.37,276.7,282.91,292.49,0.0,0.0,0.0,0.0,0.0,0.0
0.14,0.0,0.14,0.0,0.0,0.09,-2.32,2.24,-0.1,0.0,0.0,99.0,276.54,276.21,276.37,276.7,282.05,292.49,0.0,0.0,0.0,0.0,0.0,0.0
0.14,0.0,0.14,0.0,0.0,0.09,-2.32,2.24,-0.1,0.0,0.0,99.0,276.54,276.21,276.37,276.7,282.91,292.49,0.0,0.0,0.0,0.0,0.0,0.0
0.14,0.0,0.14,0.0,-0.0,0.09,-2.32,2.24,-0.1,0.0,0.0,99.0,276.54,276.21,276.37,276.7,283.25,292.49,0.0,0.0,0.0,0.0,0.0,0.0
0.14,0.0,0.14,0.0,-0.0,0.09,-2.32,2.24,-0.1,0.0,0.0,99.0,276.54,276.21,276.37,276.7,282.57,292.49,0.0,0.0,0.0,0.0,0.0,0.0
0.14,0.0,0.14,0.0,-0.0,0.09,-2.32,2.24,-0.1,0.0,0.0,99.0,276.54,276.21,276.37,276.7,283.08,292.49,0.0,0.0,0.0,0.0,0.0,0.0
0.14,0.0,0.14,0.0,-0.0,0.09,-2.32,2.24,-0.1,0.0,0.0,99.0,276.54,276.21,276.37,276.7,283.42,292.49,0.0,0.0,0.0,0.0,0.0,0.0
0.14,0.0,0.14,0.0,-0.0,0.09,-2.32,2.24,-0.1,0.0,0.0,99.0,276.54,276.21,276.37,276.7,282.57,292.49,0.0,0.0,0.0,0.0,0.0,0.0
0.14,0.0,0.14,0.0,0.0,0.09,-2.32,2.24,-0.1,0.0,0.0,99.0,276.54,276.21,276.37,276.7,282.57,292.49,0.0,0.0,0.0,0.0,0.0,0.0
0.14,0.0,0.14,0.0,-0.0,0.09,-2.32,2.24,-0.1,0.0,0.0,99.0,276.54,276.21,276.37,276.7,283.25,292.49,0.0,0.0,0.0,0.0,0.0,0.0
0.14,0.0,0.14,0.0,0.0,0.09,-2.32,2.24,-0.1,0.0,0.0,99.0,276.54,276.21,276.37,276.7,282.74,292.49,0.0,0.0,0.0,0.0,0.0,0.0
0.14,0.0,0.14,0.0,-0.0,0.09,-2.32,2.24,-0.1,0.0,0.0,99.0,276.54,276.21,276.37,276.7,282.05,292.49,0.0,0.0,0.0,0.0,0.0,0.0
0.14,0.0,0.14,0.0,-0.0,0.09,-2.32,2.24,-0.1,0.0,0.0,99.0,276.54,276.21,276.37,276.7,282.74,292.49,0.0,0.0,0.0,0.0,0.0,0.0
0.14,0.0,0.14,0.0,-0.0,0.09,-2.32,2.24,-0.1,0.0,0.0,99.0,276.54,276.21,276.37,276.7,283.25,292.49,0.0,0.0,0.0,0.0,0.0,0.0
0.14,0.0,0.14,0.0,-0.0,0.09,-2.32,2.24,-0.1,0.0,0.0,99.0,276.54,276.21,276.37,276.7,282.22,292.49,0.0,0.0,0.0,0.0,0.0,0.0
0.14,0.0,0.14,0.0,-0.0,0.09,-2.32,2.24,-0.1,0.0,0.0,99.0,276.54,276.21,276.37,276.7,282.91,292.49,0.0,0.0,0.0,0.0,0.0,0.0
0.14,0.0,0.14,0.0,0.0,0.09,-2.32,2.24,-0.1,0.0,0.0,99.0,276.54,276.21,276.37,276.7,281.2,292.49,0.0,0.0,0.0,0.0,0.0,0.0
0.14,0.0,0.14,0.0,-0.0,0.09,-2.32,2.24,-0.1,0.0,0.0,99.0,276.54,276.21,276.37,276.7,283.08,292.49,0.0,0.0,0.0,0.0,0.0,0.0
0.14,0.0,0.14,0.0,-0.0,0.09,-2.32,2.24,-0.1,0.0,0.0,99.0,276.54,276.21,276.37,276.7,283.08,292.49,0.0,0.0,0.0,0.0,0.0,0.0
0.14,0.0,0.14,0.0,0.0,0.09,-2.32,2.24,-0.11,0.0,0.0,99.0,276.54,276.21,276.37,276.7,282.91,292.49,0.0,0.0,0.0,0.0,0.0,0.0
0.14,0.0,0.14,0.0,0.0,0.09,-2.32,2.24,-0.1,0.0,0.0,99.0,276.54,276.21,276.37,276.7,282.57,292.49,0.0,0.0,0.0,0.0,0.0,0.0
0.14,0.0,0.14,0.0,-0.0,0.09,-2.32,2.24,-0.1,0.0,0.0,99.0,276.54,276.21,276.37,276.7,283.25,292.49,0.0,0.0,0.0,0.0,0.0,0.0
0.14,0.0,0.14,0.0,-0.0,0.09,-2.32,2.24,-0.1,0.0,0.0,99.0,276.54,276.21,276.37,276.7,282.4,292.49,0.0,0.0,0.0,0.0,0.0,0.0
0.14,0.0,0.14,0.0,0.0,0.09,-2.32,2.24,-0.1,0.0,0.0,99.0,276.54,276.21,276.37,276.7,282.91,292.49,0.0,0.0,0.0,0.0,0.0,0.0
0.14,0.0,0.14,0.0,0.0,0.09,-2.32,2.24,-0.1,0.0,0.0,99.0,276.54,276.21,276.37,276.7,283.42,292.49,0.0,0.0,0.0,0.0,0.0,0.0
0.14,0.0,0.14,0.0,-0.0,0.09,-2.32,2.24,-0.11,0.0,0.0,99.0,276.54,276.21,276.37,276.7,282.91,292.49,0.0,0.0,0.0,0.0,0.0,0.0
0.14,0.0,0.14,0.0,-0.0,0.09,-2.32,2.24,-0.1,0.0,0.0,99.0,276.54,276.21,276.37,276.7,282.57,292.49,0.0,0.0,0.0,0.0,0.0,0.0
0.14,0.0,0.14,0.0,-0.0,0.09,-2.32,2.24,-0.11,0.0,0.0,99.0,276.54,276.21,276.37,276.7,282.4,292.49,0.0,0.0,0.0,0.0,0.0,0.0
0.14,0.0,0.14,0.0,-0.0,0.09,-2.32,2.24,-0.1,0.0,0.0,99.0,276.54,276.21,276.37,276.7,282.22,292.49,0.0,0.0,0.0,0.0,0.0,0.0
0.14,0.0,0.14,0.0,-0.0,0.09,-2.32,2.24,-0.11,0.0,0.0,99.0,276.54,276.21,276.37,276.7,282.4,292.49,0.0,0.0,0.0,0.0,0.0,0.0
0.14,0.0,0.14,0.0,-0.0,0.09,-2.32,2.24,-0.11,0.0,0.0,99.0,276.54,276.21,276.37,276.7,283.08,292.49,0.0,0.0,0.0,0.0,0.0,0.0
0.14,0.0,0.14,0.0,-0.0,0.09,-2.32,2.24,-0.11,0.0,0.0,99.0,276.54,276.21,276.37,276.7,283.6,292.49,0.0,0.0,0.0,0.0,0.0,0.0
0.14,0.0,0.14,0.0,-0.0,0.09,-2.32,2.24,-0.11,0.0,0.0,99.0,276.54,276.21,276.37,276.7,282.22,292.49,0.0,0.0,0.0,0.0,0.0,0.0
0.14,0.0,0.14,0.0,-0.0,0.09,-2.32,2.24,-0.11,0.0,0.0,99.0,276.54,276.21,276.37,276.7,281.71,292.49,0.0,0.0,0.0,0.0,0.0,0.0
0.14,0.0,0.14,0.0,-0.0,0.09,-2.32,2.24,-0.11,0.0,0.0,99.0,276.54,276.21,276.37,276.7,282.91,292.49,0.0,0.0,0.0,0.0,0.0,0.0
0.14,0.0,0.14,0.0,-0.0,0.09,-2.32,2.24,-0.1,0.0,0.0,99.0,276.54,276.21,276.37,276.7,283.08,292.49,0.0,0.0,0.0,0.0,0.0,0.0
0.14,0.0,0.14,0.0,-0.0,0.09,-2.32,2.24,-0.1,0.0,0.0,99.0,276.54,276.21,276.37,276.7,282.05,292.49,0.0,0.0,0.0,0.0,0.0,0.0
0.14,0.0,0.14,0.0,-0.0,0.09,-2.32,2.24,-0.1,0.0,0.0,99.0,276.54,276.21,276.37,276.7,282.22,292.49,0.0,0.0,0.0,0.0,0.0,0.0
0.14,0.0,0.14,0.0,0.0,0.09,-2.32,2.24,-0.1,0.0,0.0,99.0,276.54,276.21,276.37,276.7,282.05,292.49,0.0,0.0,0.0,0.0,0.0,0.0
0.14,0.0,0.14,0.0,0.0,0.09,-2.32,2.24,-0.1,0.0,0.0,99.0,276.54,276.21,276.37,276.7,282.91,292.49,0.0,0.0,0.0,0.0,0.0,0.0
0.14,0.0,0.14,0.0,-0.0,0.09,-2.32,2.24,-0.1,0.0,0.0,99.0,276.54,276.21,276.37,276.7,282.57,292.49,0.0,0.0,0.0,0.0,0.0,0.0
0.14,0.0,0.14,0.0,0.0,0.09,-2.32,2.24,-0.1,0.0,0.0,99.0,276.54,276.21,276.37,276.7,281.88,292.49,0.0,0.0,0.0,0.0,0.0,0.0
0.14,0.0,0.14,0.0,0.0,0.09,-2.32,2.24,-0.1,0.0,0.0,99.0,276.54,276.21,276.37,276.7,283.08,292.49,0.0,0.0,0.0,0.0,0.0,0.0
0.14,0.0,0.14,0.0,0.0,0.09,-2.32,2.24,-0.1,0.0,0.0,99.0,276.54,276.21,276.37,276.7,283.42,292.49,0.0,0.0,0.0,0.0,0.0,0.0
0.14,0.0,0.14,0.0,0.0,0.09,-2.32,2.24,-0.1,0.0,0.0,99.0,276.54,276.21,276.37,276.7,282.57,292.49,0.0,0.0,0.0,0.0,0.0,0.0
0.14,0.0,0.14,0.0,0.0,0.09,-2.32,2.24,-0.11,0.0,0.0,99.0,276.54,276.21,276.37,276.7,282.57,292.49,0.0,0.0,0.0,0.0,0.0,0.0
0.14,0.0,0.14,0.0,0.0,0.09,-2.32,2.24,-0.1,0.0,0.0,99.0,276.54,276.21,276.37,276.7,282.91,292.49,0.0,0.0,0.0,0.0,0.0,0.0
0.14,0.0,0.14,0.0,-0.0,0.09,-2.32,2.24,-0.1,0.0,0.0,99.0,276.54,276.21,276.37,276.7,283.08,292.49,0.0,0.0,0.0,0.0,0.0,0.0
0.14,0.0,0.14,0.0,0.0,0.09,-2.32,2.24,-0.1,0.0,0.0,99.0,276.54,276.21,276.37,276.7,282.91,292.49,0.0,0.0,0.0,0.0,0.0,0.0
0.14,0.0,0.14,0.0,0.0,0.09,-2.32,2.24,-0.1,0.0,0.0,99.0,276.54,276.21,276.37,276.7,282.4,292.49,0.0,0.0,0.0,0.0,0.0,0.0
0.14,0.0,0.14,0.0,0.0,0.09,-2.32,2.24,-0.1,0.0,0.0,99.0,276.54,276.21,276.37,276.7,282.05,292.49,0.0,0.0,0.0,0.0,0.0,0.0
0.14,0.0,0.14,0.0,0.0,0.09,-2.32,2.24,-0.1,0.0,0.0,99.0,276.54,276.21,276.37,276.7,283.6,292.49,0.0,0.0,0.0,0.0,0.0,0.0
0.14,0.0,0.14,0.0,-0.0,0.09,-2.32,2.24,-0.11,0.0,0.0,99.0,276.54,276.21,276.37,276.7,282.22,292.49,0.0,0.0,0.0,0.0,0.0,0.0
0.14,0.0,0.14,0.0,-0.0,0.09,-2.32,2.24,-0.1,0.0,0.0,99.0,276.54,276.21,276.37,276.7,282.74,292.49,0.0,0.0,0.0,0.0,0.0,0.0
0.14,0.0,0.14,0.0,0.01,0.14,-1.86,1.85,-0.13,0.0,0.0,99.0,279.01,278.68,278.85,279.01,284.11,292.49,0.0,0.0,0.0,0.0,0.0,0.0
0.14,0.0,0.14,0.0,0.01,0.14,-1.86,1.85,-0.13,0.0,0.0,99.0,279.01,278.68,278.85,279.01,284.28,292.49,0.0,0.0,0.0,0.0,0.0,0.0
0.14,0.0,0.14,0.0,0.01,0.14,-1.86,1.85,-0.13,0.0,0.0,99.0,279.01,278.68,278.85,279.01,284.11,292.49,0.0,0.0,0.0,0.0,0.0,0.0
0.14,0.0,0.14,0.0,0.01,0.14,-1.86,1.85,-0.13,0.0,0.0,99.0,279.01,278.68,278.85,279.01,284.11,292.49,0.0,0.0,0.0,0.0,0.0,0.0
0.14,0.0,0.14,0.0,0.01,0.14,-1.86,1.85,-0.13,0.0,0.0,99.0,279.01,278.68,278.85,279.01,284.11,292.49,0.0,0.0,0.0,0.0,0.0,0.0
0.14,0.0,0.14,0.0,0.01,0.14,-1.86,1.85,-0.13,0.0,0.0,99.0,279.01,278.68,278.85,279.01,284.11,292.49,0.0,0.0,0.0,0.0,0.0,0.0
0.14,0.0,0.14,0.0,0.01,0.14,-1.86,1.85,-0.13,0.0,0.0,99.0,279.01,278.68,278.85,279.01,284.11,292.49,0.0,0.0,0.0,0.0,0.0,0.0
0.14,0.0,0.14,0.0,0.01,0.14,-1.86,1.85,-0.14,0.0,0.0,99.0,279.01,278.68,278.85,279.17,284.11,292.49,0.0,0.0,0.0,0.0,0.0,0.0
0.14,0.0,0.14,0.0,0.01,0.14,-1.86,1.85,-0.13,0.0,0.0,99.0,279.01,278.68,278.85,279.17,284.11,292.49,0.0,0.0,0.0,0.0,0.0,0.0
0.14,0.0,0.14,0.0,0.01,0.14,-1.86,1.85,-0.14,0.0,0.0,99.0,279.01,278.68,278.85,279.17,284.11,292.49,0.0,0.0,0.0,0.0,0.0,0.0
0.14,0.0,0.14,0.0,0.01,0.14,-1.86,1.85,-0.14,0.0,0.0,99.0,279.01,278.68,278.85,279.17,284.11,292.49,0.0,0.0,0.0,0.0,0.0,0.0
0.14,0.0,0.14,0.0,0.01,0.14,-1.86,1.85,-0.14,0.0,0.0,99.0,279.01,278.68,278.85,279.17,284.11,292.49,0.0,0.0,0.0,0.0,0.0,0.0
0.14,0.0,0.14,0.0,0.01,0.14,-1.86,1.85,-0.14,0.0,0.0,99.0,279.01,278.68,278.85,279.17,284.11,292.49,0.0,0.0,0.0,0.0,0.0,0.0
0.14,0.0,0.14,0.0,0.01,0.14,-1.86,1.85,-0.13,0.0,0.0,99.0,279.01,278.68,278.85,279.17,284.11,292.49,0.0,0.0,0.0,0.0,0.0,0.0
0.14,0.0,0.14,0.0,0.01,0.14,-1.86,1.85,-0.14,0.0,0.0,99.0,279.01,278.68,278.85,279.17,284.11,292.49,0.0,0.0,0.0,0.0,0.0,0.0
0.14,0.0,0.14,0.0,0.01,0.14,-1.86,1.85,-0.14,0.0,0.0,99.0,279.01,278.68,278.85,279.17,284.45,292.49,0.0,0.0,0.0,0.0,0.0,0.0
0.14,0.0,0.14,0.0,0.01,0.14,-1.86,1.85,-0.13,0.0,0.0,99.0,279.01,278.68,278.85,279.17,284.11,292.49,0.0,0.0,0.0,0.0,0.0,0.0
0.14,0.0,0.14,0.0,0.01,0.14,-1.86,1.85,-0.13,0.0,0.0,99.0,279.01,278.68,278.85,279.17,284.11,292.49,0.0,0.0,0.0,0.0,0.0,0.0
0.14,0.0,0.14,0.0,0.01,0.14,-1.86,1.85,-0.13,0.0,0.0,99.0,279.01,278.68,278.85,279.17,284.45,292.49,0.0,0.0,0.0,0.0,0.0,0.0
0.14,0.0,0.14,0.0,0.01,0.14,-1.86,1.84,-0.13,0.0,0.0,99.0,279.01,278.68,278.85,279.17,284.11,292.49,0.0,0.0,0.0,0.0,0.0,0.0
0.14,0.0,0.14,0.0,0.01,0.14,-1.86,1.84,-0.13,0.0,0.0,99.0,279.01,278.68,278.85,279.17,284.11,292.49,0.0,0.0,0.0,0.0,0.0,0.0
0.14,0.0,0.14,0.0,0.01,0.14,-1.86,1.84,-0.13,0.0,0.0,99.0,279.01,278.68,278.85,279.17,284.11,292.49,0.0,0.0,0.0,0.0,0.0,0.0
0.14,0.0,0.14,0.0,0.01,0.14,-1.86,1.84,-0.14,0.0,0.0,99.0,279.01,278.68,278.85,279.17,284.11,292.49,0.0,0.0,0.0,0.0,0.0,0.0
0.14,0.0,0.14,0.0,0.01,0.14,-1.86,1.84,-0.14,0.0,0.0,99.0,279.01,278.68,278.85,279.17,284.11,292.49,0.0,0.0,0.0,0.0,0.0,0.0
0.14,0.0,0.14,0.0,0.01,0.14,-1.86,1.84,-0.14,0.0,0.0,99.0,279.01,278.68,278.85,279.17,284.11,292.49,0.0,0.0,0.0,0.0,0.0,0.0
0.14,0.0,0.14,0.0,0.01,0.14,-1.86,1.84,-0.14,0.0,0.0,99.0,279.01,278.68,278.85,279.17,284.11,292.49,0.0,0.0,0.0,0.0,0.0,0.0
0.14,0.0,0.14,0.0,0.01,0.14,-1.86,1.84,-0.14,0.0,0.0,99.0,279.01,278.68,278.85,279.17,284.11,292.49,0.0,0.0,0.0,0.0,0.0,0.0
0.14,0.0,0.14,0.0,0.01,0.14,-1.86,1.84,-0.13,0.0,0.0,99.0,279.01,278.68,278.85,279.17,284.11,292.49,0.0,0.0,0.0,0.0,0.0,0.0
0.14,0.0,0.14,0.0,0.01,0.14,-1.86,1.84,-0.13,0.0,0.0,99.0,279.01,278.68,278.85,279.17,284.11,292.49,0.0,0.0,0.0,0.0,0.0,0.0
0.14,0.0,0.14,0.0,0.01,0.14,-1.86,1.84,-0.14,0.0,0.0,99.0,279.01,278.68,278.85,279.17,284.11,292.49,0.0,0.0,0.0,0.0,0.0,0.0
0.14,0.0,0.14,0.0,0.01,0.14,-1.86,1.84,-0.13,0.0,0.0,99.0,279.01,278.68,278.85,279.17,284.11,292.49,0.0,0.0,0.0,0.0,0.0,0.0
0.14,0.0,0.14,0.0,0.01,0.14,-1.86,1.85,-0.13,0.0,0.0,99.0,279.01,278.68,278.85,279.17,284.11,292.49,0.0,0.0,0.0,0.0,0.0,0.0
0.14,0.0,0.14,0.0,0.01,0.14,-1.86,1.85,-0.13,0.0,0.0,99.0,279.01,278.68,278.85,279.17,284.11,292.49,0.0,0.0,0.0,0.0,0.0,0.0
0.14,0.0,0.14,0.0,0.01,0.14,-1.86,1.84,-0.13,0.0,0.0,99.0,279.01,278.68,278.85,279.17,284.62,292.49,0.0,0.0,0.0,0.0,0.0,0.0
0.14,0.0,0.14,0.0,0.01,0.14,-1.86,1.84,-0.13,0.0,0.0,99.0,279.01,278.68,278.85,279.17,284.45,292.49,0.0,0.0,0.0,0.0,0.0,0.0
0.14,0.0,0.14,0.0,0.01,0.14,-1.86,1.85,-0.13,0.0,0.0,99.0,279.01,278.68,278.85,279.17,284.11,292.49,0.0,0.0,0.0,0.0,0.0,0.0
0.14,0.0,0.14,0.0,0.01,0.14,-1.86,1.85,-0.13,0.0,0.0,99.0,279.01,278.68,278.85,279.01,284.11,292.49,0.0,0.0,0.0,0.0,0.0,0.0
0.14,0.0,0.14,0.0,0.01,0.14,-1.86,1.84,-0.13,0.0,0.0,99.0,279.01,278.68,278.85,279.17,284.11,292.49,0.0,0.0,0.0,0.0,0.0,0.0
0.14,0.0,0.14,0.0,0.01,0.14,-1.86,1.84,-0.13,0.0,0.0,99.0,279.01,278.68,278.85,279.17,284.11,292.49,0.0,0.0,0.0,0.0,0.0,0.0
0.14,0.0,0.14,0.0,0.01,0.14,-1.86,1.85,-0.14,0.0,0.0,99.0,279.01,278.68,278.85,279.17,284.11,292.49,0.0,0.0,0.0,0.0,0.0,0.0
0.14,0.0,0.14,0.0,0.01,0.14,-1.86,1.84,-0.13,0.0,0.0,99.0,279.01,278.68,278.85,279.17,284.11,292.49,0.0,0.0,0.0,0.0,0.0,0.0
0.14,0.0,0.14,0.0,0.01,0.14,-1.86,1.84,-0.14,0.0,0.0,99.0,279.01,278.68,278.85,279.17,284.11,292.49,0.0,0.0,0.0,0.0,0.0,0.0
0.14,0.0,0.14,0.0,0.01,0.14,-1.86,1.84,-0.14,0.0,0.0,99.0,279.01,278.68,278.85,279.17,284.11,292.49,0.0,0.0,0.0,0.0,0.0,0.0
0.14,0.0,0.14,0.0,0.01,0.14,-1.86,1.85,-0.14,0.0,0.0,99.0,279.01,278.68,278.85,279.17,284.11,292.49,0.0,0.0,0.0,0.0,0.0,0.0
0.14,0.0,0.14,0.0,0.01,0.14,-1.86,1.85,-0.14,0.0,0.0,99.0,279.01,278.68,278.85,279.01,284.11,292.49,0.0,0.0,0.0,0.0,0.0,0.0
0.14,0.0,0.14,0.0,0.01,0.14,-1.86,1.84,-0.14,0.0,0.0,99.0,279.01,278.68,278.85,279.17,284.11,292.49,0.0,0.0,0.0,0.0,0.0,0.0
0.14,0.0,0.14,0.0,0.01,0.14,-1.86,1.84,-0.14,0.0,0.0,99.0,279.01,278.68,278.85,279.17,284.11,292.49,0.0,0.0,0.0,0.0,0.0,0.0
0.14,0.0,0.14,0.0,0.01,0.14,-1.86,1.84,-0.14,0.0,0.0,99.0,279.01,278.68,278.85,279.17,284.11,292.49,0.0,0.0,0.0,0.0,0.0,0.0
0.14,0.0,0.14,0.0,0.01,0.14,-1.86,1.85,-0.13,0.0,0.0,99.0,279.01,278.68,278.85,279.17,284.11,292.49,0.0,0.0,0.0,0.0,0.0,0.0
0.14,0.0,0.14,0.0,0.01,0.14,-1.86,1.85,-0.13,0.0,0.0,99.0,279.01,278.68,278.85,279.17,284.11,292.49,0.0,0.0,0.0,0.0,0.0,0.0
0.14,0.0,0.14,0.0,0.01,0.14,-1.86,1.85,-0.13,0.0,0.0,99.0,279.01,278.68,278.85,279.17,284.11,292.49,0.0,0.0,0.0,0.0,0.0,0.0
0.14,0.0,0.14,0.0,0.01,0.14,-1.86,1.84,-0.13,0.0,0.0,99.0,279.01,278.68,278.85,279.17,284.11,292.49,0.0,0.0,0.0,0.0,0.0,0.0
0.14,0.0,0.14,0.0,0.01,0.14,-1.86,1.84,-0.14,0.0,0.0,99.0,279.01,278.68,278.85,279.17,284.28,292.49,0.0,0.0,0.0,0.0,0.0,0.0
0.14,0.0,0.14,0.0,0.01,0.14,-1.86,1.85,-0.14,0.0,0.0,99.0,279.01,278.68,278.85,279.17,284.11,292.49,0.0,0.0,0.0,0.0,0.0,0.0
0.14,0.0,0.14,0.0,0.01,0.14,-1.86,1.85,-0.14,0.0,0.0,99.0,279.01,278.68,278.85,279.17,284.11,292.49,0.0,0.0,0.0,0.0,0.0,0.0
0.14,0.0,0.14,0.0,0.01,0.14,-1.86,1.85,-0.13,0.0,0.0,99.0,279.01,278.68,278.85,279.17,284.62,292.49,0.0,0.0,0.0,0.0,0.0,0.0
0.14,0.0,0.14,0.0,0.01,0.14,-1.86,1.85,-0.14,0.0,0.0,99.0,279.01,278.68,278.85,279.01,284.11,292.49,0.0,0.0,0.0,0.0,0.0,0.0
0.14,0.0,0.14,0.0,0.01,0.14,-1.86,1.85,-0.14,0.0,0.0,99.0,279.01,278.68,278.85,279.17,284.11,292.49,0.0,0.0,0.0,0.0,0.0,0.0
0.14,0.0,0.14,0.0,0.01,0.14,-1.86,1.85,-0.14,0.0,0.0,99.0,279.01,278.68,278.85,279.17,284.11,292.49,0.0,0.0,0.0,0.0,0.0,0.0
0.14,0.0,0.14,0.0,0.01,0.14,-1.86,1.85,-0.14,0.0,0.0,99.0,279.01,278.68,278.85,279.17,284.11,292.49,0.0,0.0,0.0,0.0,0.0,0.0
0.14,0.0,0.14,0.0,0.01,0.14,-1.86,1.85,-0.14,0.0,0.0,99.0,279.01,278.68,278.85,279.17,284.11,292.49,0.0,0.0,0.0,0.0,0.0,0.0
0.14,0.0,0.14,0.0,0.01,0.14,-1.86,1.85,-0.13,0.0,0.0,99.0,279.01,278.68,278.85,279.01,284.11,292.49,0.0,0.0,0.0,0.0,0.0,0.0
0.14,0.0,0.14,0.0,0.01,0.14,-1.86,1.85,-0.14,0.0,0.0,99.0,279.01,278.68,278.85,279.17,284.11,292.49,0.0,0.0,0.0,0.0,0.0,0.0
0.14,0.0,0.14,0.0,0.01,0.14,-1.86,1.85,-0.14,0.0,0.0,99.0,279.01,278.68,278.85,279.17,284.11,292.49,0.0,0.0,0.0,0.0,0.0,0.0
0.14,0.0,0.14,0.0,0.01,0.14,-1.86,1.85,-0.14,0.0,0.0,99.0,279.01,278.68,278.85,279.17,284.11,292.49,0.0,0.0,0.0,0.0,0.0,0.0
0.14,0.0,0.14,0.0,0.01,0.14,-1.86,1.85,-0.14,0.0,0.0,99.0,279.01,278.68,278.85,279.17,284.11,292.49,0.0,0.0,0.0,0.0,0.0,0.0
0.14,0.0,0.14,0.0,0.01,0.14,-1.86,1.85,-0.13,0.0,0.0,99.0,279.01,278.68,278.85,279.17,284.11,292.49,0.0,0.0,0.0,0.0,0.0,0.0
0.14,0.0,0.14,0.0,0.01,0.14,-1.86,1.85,-0.14,0.0,0.0,99.0,279.01,278.68,278.85,279.17,284.11,292.49,0.0,0.0,0.0,0.0,0.0,0.0
0.14,0.0,0.14,0.0,0.01,0.14,-1.86,1.85,-0.14,0.0,0.0,99.0,279.01,278.68,278.85,279.17,284.11,292.49,0.0,0.0,0.0,0.0,0.0,0.0
0.14,0.0,0.14,0.0,0.01,0.14,-1.86,1.85,-0.14,0.0,0.0,99.0,279.01,278.68,278.85,279.17,284.11,292.49,0.0,0.0,0.0,0.0,0.0,0.0
0.14,0.0,0.14,0.0,0.01,0.14,-1.86,1.85,-0.14,0.0,0.0,99.0,279.01,278.68,278.85,279.17,284.11,292.49,0.0,0.0,0.0,0.0,0.0,0.0
0.14,0.0,0.14,0.0,0.01,0.14,-1.86,1.85,-0.14,0.0,0.0,99.0,279.01,278.68,278.85,279.17,284.11,292.49,0.0,0.0,0.0,0.0,0.0,0.0
0.14,0.0,0.14,0.0,0.01,0.14,-1.86,1.85,-0.14,0.0,0.0,99.0,279.01,278.68,278.85,279.17,284.28,292.49,0.0,0.0,0.0,0.0,0.0,0.0
0.14,0.0,0.14,0.0,0.01,0.14,-1.86,1.85,-0.14,0.0,0.0,99.0,279.01,278.68,278.85,279.17,284.11,292.49,0.0,0.0,0.0,0.0,0.0,0.0
0.14,0.0,0.14,0.0,0.01,0.14,-1.86,1.85,-0.13,0.0,0.0,99.0,279.01,278.68,278.85,279.17,284.11,292.49,0.0,0.0,0.0,0.0,0.0,0.0
0.14,0.0,0.14,0.0,0.01,0.14,-1.86,1.85,-0.14,0.0,0.0,99.0,279.01,278.68,278.85,279.17,284.11,292.49,0.0,0.0,0.0,0.0,0.0,0.0
0.14,0.0,0.14,0.0,0.01,0.14,-1.86,1.85,-0.13,0.0,0.0,99.0,279.01,278.68,278.85,279.17,284.11,292.49,0.0,0.0,0.0,0.0,0.0,0.0
0.14,0.0,0.14,0.0,0.01,0.14,-1.86,1.85,-0.13,0.0,0.0,99.0,279.01,278.68,278.85,279.17,284.11,292.49,0.0,0.0,0.0,0.0,0.0,0.0
0.14,0.0,0.14,0.0,0.01,0.14,-1.86,1.85,-0.13,0.0,0.0,99.0,279.01,278.68,278.85,279.17,284.11,292.49,0.0,0.0,0.0,0.0,0.0,0.0
0.14,0.0,0.14,0.0,0.01,0.14,-1.86,1.85,-0.14,0.0,0.0,99.0,279.01,278.68,278.85,279.17,284.11,292.49,0.0,0.0,0.0,0.0,0.0,0.0
0.14,0.0,0.14,0.0,0.01,0.14,-1.86,1.85,-0.14,0.0,0.0,99.0,279.01,278.68,278.85,279.17,284.11,292.49,0.0,0.0,0.0,0.0,0.0,0.0
0.14,0.0,0.14,0.0,0.01,0.14,-1.86,1.85,-0.14,0.0,0.0,99.0,279.01,278.68,278.85,279.17,284.11,292.49,0.0,0.0,0.0,0.0,0.0,0.0
0.14,0.0,0.14,0.0,0.01,0.14,-1.86,1.85,-0.14,0.0,0.0,99.0,279.01,278.68,278.85,279.17,284.11,292.49,0.0,0.0,0.0,0.0,0.0,0.0
0.14,0.0,0.14,0.0,0.01,0.14,-1.86,1.85,-0.14,0.0,0.0,99.0,279.01,278.68,278.85,279.01,284.11,292.49,0.0,0.0,0.0,0.0,0.0,0.0
0.14,0.0,0.14,0.0,0.01,0.14,-1.86,1.85,-0.14,0.0,0.0,99.0,279.01,278.68,278.85,279.17,284.8,292.49,0.0,0.0,0.0,0.0,0.0,0.0
0.14,0.0,0.14,0.0,0.01,0.14,-1.86,1.85,-0.13,0.0,0.0,99.0,279.01,278.68,278.85,279.17,284.11,292.49,0.0,0.0,0.0,0.0,0.0,0.0
0.14,0.0,0.14,0.0,0.01,0.14,-1.86,1.85,-0.13,0.0,0.0,99.0,279.01,278.68,278.85,279.17,284.11,292.49,0.0,0.0,0.0,0.0,0.0,0.0
0.14,0.0,0.14,0.0,0.01,0.14,-1.86,1.85,-0.14,0.0,0.0,99.0,279.01,278.68,278.85,279.17,284.11,292.49,0.0,0.0,0.0,0.0,0.0,0.0
0.14,0.0,0.14,0.0,0.01,0.14,-1.86,1.85,-0.14,0.0,0.0,99.0,279.01,278.68,278.85,279.17,284.11,292.49,0.0,0.0,0.0,0.0,0.0,0.0
0.14,0.0,0.14,0.0,0.01,0.14,-1.86,1.85,-0.13,0.0,0.0,99.0,279.01,278.68,278.85,279.17,284.11,292.49,0.0,0.0,0.0,0.0,0.0,0.0
0.14,0.0,0.14,0.0,0.01,0.14,-1.86,1.85,-0.13,0.0,0.0,99.0,279.01,278.68,278.85,279.17,284.11,292.49,0.0,0.0,0.0,0.0,0.0,0.0
0.14,0.0,0.14,0.0,0.01,0.14,-1.86,1.85,-0.14,0.0,0.0,99.0,279.01,278.68,278.85,279.17,284.11,292.49,0.0,0.0,0.0,0.0,0.0,0.0
0.14,0.0,0.14,0.0,0.01,0.14,-1.86,1.85,-0.14,0.0,0.0,99.0,279.01,278.68,278.85,279.17,284.11,292.49,0.0,0.0,0.0,0.0,0.0,0.0
0.14,0.0,0.14,0.0,0.01,0.14,-1.86,1.85,-0.14,0.0,0.0,99.0,279.01,278.68,278.85,279.17,284.11,292.49,0.0,0.0,0.0,0.0,0.0,0.0
0.14,0.0,0.14,0.0,0.01,0.14,-1.86,1.85,-0.14,0.0,0.0,99.0,279.01,278.68,278.85,279.17,284.45,292.49,0.0,0.0,0.0,0.0,0.0,0.0
0.14,0.0,0.14,0.0,0.01,0.14,-1.86,1.85,-0.14,0.0,0.0,99.0,279.01,278.68,278.85,279.17,284.62,292.49,0.0,0.0,0.0,0.0,0.0,0.0
0.14,0.0,0.14,0.0,0.01,0.14,-1.86,1.85,-0.14,0.0,0.0,99.0,279.01,278.68,278.85,279.17,284.11,292.49,0.0,0.0,0.0,0.0,0.0,0.0
0.14,0.0,0.14,0.0,0.01,0.14,-1.86,1.85,-0.14,0.0,0.0,99.0,279.01,278.68,278.85,279.17,284.11,292.35,0.0,0.0,0.0,0.0,0.0,0.0
0.14,0.0,0.14,0.0,0.01,0.14,-1.86,1.85,-0.14,0.0,0.0,99.0,279.01,278.68,278.85,279.17,284.45,292.49,0.0,0.0,0.0,0.0,0.0,0.0
0.14,0.0,0.14,0.0,0.01,0.14,-1.86,1.85,-0.14,0.0,0.0,99.0,279.01,278.68,278.85,279.17,284.11,292.49,0.0,0.0,0.0,0.0,0.0,0.0
0.14,0.0,0.14,0.0,0.01,0.14,-1.86,1.85,-0.14,0.0,0.0,99.0,279.01,278.68,278.85,279.17,284.11,292.49,0.0,0.0,0.0,0.0,0.0,0.0
0.14,0.0,0.14,0.0,0.01,0.14,-1.86,1.85,-0.14,0.0,0.0,99.0,279.01,278.68,278.85,279.17,284.11,292.49,0.0,0.0,0.0,0.0,0.0,0.0
0.14,0.0,0.14,0.0,0.01,0.14,-1.86,1.85,-0.14,0.0,0.0,99.0,279.01,278.68,278.85,279.17,284.11,292.49,0.0,0.0,0.0,0.0,0.0,0.0
0.14,0.0,0.14,0.0,0.01,0.14,-1.86,1.85,-0.14,0.0,0.0,99.0,279.01,278.68,278.85,279.17,284.11,292.49,0.0,0.0,0.0,0.0,0.0,0.0
0.14,0.0,0.14,0.0,0.01,0.14,-1.86,1.85,-0.14,0.0,0.0,99.0,279.01,278.68,278.85,279.17,284.11,292.49,0.0,0.0,0.0,0.0,0.0,0.0
0.14,0.0,0.14,0.0,0.01,0.14,-1.86,1.85,-0.13,0.0,0.0,99.0,279.01,278.68,278.85,279.17,284.11,292.49,0.0,0.0,0.0,0.0,0.0,0.0
0.14,0.0,0.14,0.0,0.01,0.14,-1.86,1.85,-0.13,0.0,0.0,99.0,279.01,278.68,278.85,279.17,284.11,292.49,0.0,0.0,0.0,0.0,0.0,0.0
0.14,0.0,0.14,0.0,0.01,0.14,-1.86,1.85,-0.13,0.0,0.0,99.0,279.01,278.68,278.85,279.17,284.11,292.49,0.0,0.0,0.0,0.0,0.0,0.0
0.14,0.0,0.14,0.0,0.01,0.14,-1.86,1.85,-0.13,0.0,0.0,99.0,279.01,278.68,278.85,279.17,284.62,292.49,0.0,0.0,0.0,0.0,0.0,0.0
0.14,0.0,0.14,0.0,0.01,0.14,-1.86,1.85,-0.13,0.0,0.0,99.0,279.01,278.68,278.85,279.17,284.11,292.49,0.0,0.0,0.0,0.0,0.0,0.0
0.14,0.0,0.14,0.0,0.01,0.14,-1.86,1.85,-0.14,0.0,0.0,99.0,279.01,278.68,278.85,279.17,284.11,292.49,0.0,0.0,0.0,0.0,0.0,0.0
0.14,0.0,0.14,0.0,0.01,0.14,-1.86,1.85,-0.14,0.0,0.0,99.0,279.01,278.68,278.85,279.17,284.11,292.49,0.0,0.0,0.0,0.0,0.0,0.0
